{"stats":{"minecraft:used":{"magic_vibe_decorations:small_magic_pot_awake":1,"magic_vibe_decorations:bluepumpkin":2,"decorative_blocks:soul_brazier":1,"securitycraft:scanner_door_item":1},"minecraft:custom":{"minecraft:jump":5,"minecraft:time_since_rest":3306,"minecraft:leave_game":1,"minecraft:play_time":3306,"minecraft:sprint_one_cm":236,"minecraft:time_since_death":3306,"minecraft:walk_one_cm":2504,"minecraft:sneak_time":13,"minecraft:total_world_time":3306,"minecraft:drop":1,"minecraft:fly_one_cm":1638},"minecraft:dropped":{"securitycraft:scanner_door_item":64}},"DataVersion":3465}