{"stats":{"minecraft:picked_up":{"securitycraft:scanner_door_item":64,"minecraft:sand":2,"magic_vibe_decorations:small_magic_pot_awake":64,"minecraft:oak_sapling":1},"minecraft:dropped":{"magic_vibe_decorations:small_magic_pot_awake":64,"minecraft:sand":1,"securitycraft:scanner_door_item":128,"minecraft:grass_block":1},"minecraft:used":{"minecraft:oak_leaves":1,"minecraft:dirt":25,"magic_vibe_decorations:bluepumpkin":2,"decorative_blocks:soul_brazier":1,"minecraft:grass_block":4,"magic_vibe_decorations:small_magic_pot_awake":1,"biomesoplenty:blood_bucket":1,"alexsmobs:spawn_egg_roadrunner":1,"securitycraft:scanner_door_item":1},"minecraft:custom":{"minecraft:time_since_rest":8720,"minecraft:crouch_one_cm":83,"minecraft:sprint_one_cm":236,"minecraft:play_time":8720,"minecraft:walk_one_cm":9318,"minecraft:sneak_time":170,"minecraft:walk_under_water_one_cm":233,"minecraft:drop":6,"minecraft:jump":31,"minecraft:damage_dealt":10,"minecraft:leave_game":1,"minecraft:walk_on_water_one_cm":117,"minecraft:time_since_death":8720,"minecraft:total_world_time":8720,"minecraft:fly_one_cm":6322}},"DataVersion":3465}