{"stats":{"minecraft:used":{"minecraft:oak_log":1,"minecraft:stone_axe":4,"minecraft:dark_oak_planks":4,"minecraft:stone_sword":12,"minecraft:crafting_table":1,"minecraft:birch_log":1,"alexsmobs:animal_dictionary":1,"minecraft:wooden_pickaxe":8,"minecraft:rotten_flesh":1},"minecraft:crafted":{"minecraft:stone_sword":1,"minecraft:dark_oak_planks":16,"minecraft:stone_axe":1,"minecraft:crafting_table":1,"minecraft:stick":8,"minecraft:wooden_pickaxe":1,"minecraft:stone_pickaxe":1},"minecraft:mined":{"minecraft:dark_oak_planks":2,"minecraft:dark_oak_leaves":3,"minecraft:dark_oak_log":4,"minecraft:stone":8,"minecraft:crafting_table":1},"minecraft:killed":{"minecraft:zombie":3},"minecraft:picked_up":{"minecraft:crafting_table":1,"minecraft:rotten_flesh":1,"minecraft:dark_oak_log":4,"minecraft:cobblestone":8,"minecraft:dark_oak_planks":2},"minecraft:custom":{"minecraft:time_since_rest":11660,"minecraft:crouch_one_cm":2721,"minecraft:play_time":11660,"minecraft:sprint_one_cm":3706,"minecraft:damage_taken":80,"minecraft:walk_one_cm":8945,"minecraft:sneak_time":1616,"minecraft:mob_kills":3,"minecraft:jump":40,"minecraft:damage_dealt":571,"minecraft:leave_game":2,"minecraft:time_since_death":11660,"minecraft:total_world_time":11660,"minecraft:interact_with_crafting_table":2,"minecraft:fall_one_cm":209,"minecraft:fly_one_cm":155718}},"DataVersion":3465}