{"stats":{"minecraft:picked_up":{"minecraft:sand":2,"minecraft:string":1,"securitycraft:scanner_door_item":64,"minecraft:bone":2,"minecraft:rotten_flesh":2,"magic_vibe_decorations:small_magic_pot_awake":64,"minecraft:oak_sapling":4,"minecraft:oak_planks":6},"minecraft:dropped":{"securitycraft:scanner_door_item":128,"magic_vibe_decorations:small_magic_pot_awake":64,"minecraft:sand":1,"minecraft:grass_block":1},"minecraft:used":{"minecraft:oak_log":4,"minecraft:spruce_door":1,"minecraft:grass_block":4,"newslabvariants:stripped_spruce_wood_slab":2,"magic_vibe_decorations:small_magic_pot_awake":1,"securitycraft:scanner_door_item":1,"minecraft:oak_leaves":13,"goldenfoods:golden_cooked_mutton":1,"minecraft:cobblestone":2,"minecraft:dirt":25,"minecraft:sand":7,"magic_vibe_decorations:bluepumpkin":2,"minecraft:skeleton_spawn_egg":1,"decorative_blocks:soul_brazier":1,"biomesoplenty:blood_bucket":1,"alexsmobs:spawn_egg_roadrunner":1,"goldenfoods:enchanted_golden_cooked_porkchop":1,"golems:golem_head":3},"minecraft:killed":{"minecraft:zombie":1,"minecraft:spider":1,"golems:golem":1},"minecraft:custom":{"minecraft:time_since_rest":29122,"minecraft:sprint_one_cm":2100,"minecraft:walk_one_cm":21737,"minecraft:damage_absorbed":75,"minecraft:mob_kills":3,"minecraft:drop":6,"minecraft:damage_dealt":564,"minecraft:fly_one_cm":36046,"minecraft:crouch_one_cm":1166,"minecraft:play_time":29122,"minecraft:walk_under_water_one_cm":233,"minecraft:sneak_time":544,"minecraft:jump":76,"minecraft:leave_game":5,"minecraft:walk_on_water_one_cm":117,"minecraft:time_since_death":29122,"minecraft:total_world_time":29122,"minecraft:fall_one_cm":687}},"DataVersion":3465}