{"stats":{"minecraft:custom":{"minecraft:time_since_rest":4873,"minecraft:sprint_one_cm":236,"minecraft:play_time":4873,"minecraft:walk_one_cm":5051,"minecraft:sneak_time":25,"minecraft:walk_under_water_one_cm":233,"minecraft:drop":6,"minecraft:jump":8,"minecraft:leave_game":1,"minecraft:time_since_death":4873,"minecraft:walk_on_water_one_cm":117,"minecraft:total_world_time":4873,"minecraft:fly_one_cm":3441},"minecraft:picked_up":{"securitycraft:scanner_door_item":64,"minecraft:sand":1},"minecraft:dropped":{"magic_vibe_decorations:small_magic_pot_awake":64,"minecraft:sand":1,"securitycraft:scanner_door_item":128,"minecraft:grass_block":1},"minecraft:used":{"magic_vibe_decorations:bluepumpkin":2,"decorative_blocks:soul_brazier":1,"minecraft:grass_block":4,"magic_vibe_decorations:small_magic_pot_awake":1,"biomesoplenty:blood_bucket":1,"securitycraft:scanner_door_item":1}},"DataVersion":3465}