{"stats":{"minecraft:killed":{"minecraft:spider":1,"golems:golem":1},"minecraft:used":{"minecraft:oak_log":4,"minecraft:oak_leaves":13,"goldenfoods:golden_cooked_mutton":1,"decorative_blocks:soul_brazier":1,"minecraft:sand":7,"minecraft:dirt":25,"minecraft:skeleton_spawn_egg":1,"magic_vibe_decorations:bluepumpkin":2,"newslabvariants:stripped_spruce_wood_slab":2,"minecraft:grass_block":4,"magic_vibe_decorations:small_magic_pot_awake":1,"biomesoplenty:blood_bucket":1,"alexsmobs:spawn_egg_roadrunner":1,"goldenfoods:enchanted_golden_cooked_porkchop":1,"securitycraft:scanner_door_item":1,"golems:golem_head":3},"minecraft:custom":{"minecraft:time_since_rest":19096,"minecraft:crouch_one_cm":140,"minecraft:sprint_one_cm":1161,"minecraft:play_time":19096,"minecraft:walk_one_cm":11958,"minecraft:sneak_time":261,"minecraft:walk_under_water_one_cm":233,"minecraft:mob_kills":2,"minecraft:drop":6,"minecraft:jump":41,"minecraft:damage_dealt":370,"minecraft:leave_game":3,"minecraft:walk_on_water_one_cm":117,"minecraft:time_since_death":19096,"minecraft:total_world_time":19096,"minecraft:fly_one_cm":21024},"minecraft:dropped":{"magic_vibe_decorations:small_magic_pot_awake":64,"minecraft:sand":1,"securitycraft:scanner_door_item":128,"minecraft:grass_block":1},"minecraft:picked_up":{"securitycraft:scanner_door_item":64,"minecraft:bone":2,"minecraft:sand":2,"magic_vibe_decorations:small_magic_pot_awake":64,"minecraft:oak_sapling":4,"minecraft:oak_planks":6,"minecraft:string":1}},"DataVersion":3465}