{"stats":{"minecraft:mined":{"minecraft:grass":4,"minecraft:sand":1,"dynamictrees:oak_sapling":1,"minecraft:tall_grass":2,"minecraft:oak_planks":2},"minecraft:used":{"minecraft:oak_log":1,"minecraft:oak_planks":10,"dynamictrees:oak_seed":1,"minecraft:rotten_flesh":1,"minecraft:stone_axe":36,"minecraft:sand":1,"minecraft:porkchop":3},"minecraft:picked_up":{"minecraft:stick":46,"minecraft:acacia_log":13,"minecraft:sand":1,"minecraft:porkchop":12,"dynamictrees:acacia_seed":11,"minecraft:oak_log":14,"minecraft:string":2,"minecraft:rotten_flesh":5,"minecraft:wheat_seeds":1,"dynamictrees:oak_seed":9,"minecraft:mutton":2,"minecraft:oak_planks":2,"minecraft:white_wool":1},"minecraft:crafted":{"minecraft:oak_planks":28},"minecraft:killed":{"minecraft:sheep":1,"minecraft:husk":2,"minecraft:zombie":4,"minecraft:pig":6,"minecraft:spider":2},"minecraft:custom":{"minecraft:time_since_rest":18281,"minecraft:sprint_one_cm":14304,"minecraft:damage_taken":70,"minecraft:walk_one_cm":47022,"minecraft:mob_kills":15,"minecraft:damage_dealt":2201,"minecraft:swim_one_cm":4650,"minecraft:fly_one_cm":20901,"minecraft:crouch_one_cm":259,"minecraft:play_time":18281,"minecraft:sneak_time":59,"minecraft:walk_under_water_one_cm":792,"minecraft:jump":190,"minecraft:leave_game":6,"minecraft:walk_on_water_one_cm":6235,"minecraft:time_since_death":18281,"minecraft:total_world_time":18281,"minecraft:fall_one_cm":2090}},"DataVersion":3465}