{"stats":{"minecraft:custom":{"minecraft:time_since_rest":12196,"minecraft:crouch_one_cm":140,"minecraft:sprint_one_cm":236,"minecraft:play_time":12196,"minecraft:walk_one_cm":11210,"minecraft:sneak_time":205,"minecraft:walk_under_water_one_cm":233,"minecraft:mob_kills":1,"minecraft:drop":6,"minecraft:jump":35,"minecraft:damage_dealt":210,"minecraft:leave_game":3,"minecraft:walk_on_water_one_cm":117,"minecraft:time_since_death":12196,"minecraft:total_world_time":12196,"minecraft:fly_one_cm":12699},"minecraft:picked_up":{"securitycraft:scanner_door_item":64,"minecraft:bone":2,"minecraft:sand":2,"magic_vibe_decorations:small_magic_pot_awake":64,"minecraft:oak_sapling":4,"minecraft:oak_planks":6},"minecraft:killed":{"golems:golem":1},"minecraft:used":{"minecraft:oak_log":4,"minecraft:oak_leaves":1,"decorative_blocks:soul_brazier":1,"minecraft:sand":7,"minecraft:dirt":25,"minecraft:skeleton_spawn_egg":1,"magic_vibe_decorations:bluepumpkin":2,"minecraft:grass_block":4,"magic_vibe_decorations:small_magic_pot_awake":1,"biomesoplenty:blood_bucket":1,"alexsmobs:spawn_egg_roadrunner":1,"securitycraft:scanner_door_item":1,"golems:golem_head":3},"minecraft:dropped":{"magic_vibe_decorations:small_magic_pot_awake":64,"minecraft:sand":1,"securitycraft:scanner_door_item":128,"minecraft:grass_block":1}},"DataVersion":3465}