{"stats":{"minecraft:used":{"minecraft:stone_sword":12,"minecraft:stone_pickaxe":123,"minecraft:oak_planks":26,"minecraft:chest":2,"dynamictrees:oak_seed":1,"minecraft:rotten_flesh":2,"minecraft:iron_chestplate":1,"minecraft:torch":17,"minecraft:dirt":15,"minecraft:sand":1,"minecraft:crafting_table":3,"minecraft:granite":4,"minecraft:oak_log":1,"minecraft:diamond_pickaxe":10,"minecraft:iron_axe":5,"minecraft:iron_pickaxe":250,"minecraft:iron_helmet":1,"minecraft:iron_boots":1,"minecraft:gravel":1,"minecraft:stone_axe":49,"minecraft:cobblestone":13,"minecraft:furnace":4,"minecraft:porkchop":7,"minecraft:cooked_porkchop":3,"minecraft:andesite":2,"minecraft:cobbled_deepslate":5,"minecraft:iron_leggings":1},"minecraft:crafted":{"minecraft:oak_planks":104,"minecraft:cooked_porkchop":6,"minecraft:crafting_table":2,"minecraft:iron_helmet":1,"minecraft:furnace":4,"minecraft:cooked_mutton":2,"minecraft:air":0,"minecraft:iron_boots":1,"minecraft:iron_chestplate":1,"minecraft:diamond_pickaxe":1,"minecraft:iron_axe":1,"goldenfoods:golden_cooked_mutton":1,"minecraft:iron_ingot":57,"minecraft:iron_pickaxe":1,"minecraft:stone_sword":1,"minecraft:chest":2,"minecraft:gold_ingot":11,"minecraft:iron_leggings":1,"minecraft:torch":40},"minecraft:broken":{"minecraft:iron_pickaxe":1},"minecraft:killed":{"minecraft:husk":3,"minecraft:pig":7,"minecraft:spider":2,"minecraft:sheep":1,"minecraft:skeleton":2,"minecraft:zombie":5},"minecraft:mined":{"minecraft:deepslate_diamond_ore":5,"minecraft:crafting_table":2,"minecraft:torch":5,"minecraft:granite":4,"minecraft:budding_amethyst":2,"minecraft:calcite":76,"minecraft:tall_grass":2,"minecraft:cobblestone":1,"minecraft:lapis_ore":1,"minecraft:deepslate_gold_ore":13,"minecraft:oak_planks":7,"minecraft:wall_torch":2,"minecraft:amethyst_block":12,"supplementaries:urn":2,"minecraft:iron_ore":38,"minecraft:andesite":14,"minecraft:deepslate_lapis_ore":5,"minecraft:grass":5,"minecraft:coal_ore":59,"minecraft:deepslate_iron_ore":19,"minecraft:gravel":3,"minecraft:sand":1,"minecraft:dirt":1,"dynamictrees:oak_sapling":1,"minecraft:smooth_basalt":22,"minecraft:stone":81,"minecraft:gold_ore":2,"minecraft:deepslate":27},"minecraft:custom":{"minecraft:interact_with_furnace":47,"minecraft:mob_kills":20,"minecraft:interact_with_crafting_table":11,"minecraft:leave_game":9,"minecraft:time_since_death":60655,"minecraft:time_since_rest":60655,"minecraft:sprint_one_cm":28046,"minecraft:damage_taken":437,"minecraft:walk_one_cm":137367,"minecraft:damage_dealt":3301,"minecraft:swim_one_cm":4650,"minecraft:fly_one_cm":40576,"minecraft:open_chest":19,"minecraft:crouch_one_cm":14490,"minecraft:play_time":60655,"minecraft:sneak_time":5588,"minecraft:walk_under_water_one_cm":792,"minecraft:jump":756,"minecraft:walk_on_water_one_cm":6357,"minecraft:total_world_time":60655,"minecraft:fall_one_cm":8552},"minecraft:picked_up":{"minecraft:crafting_table":3,"minecraft:andesite":14,"minecraft:oak_log":33,"minecraft:amethyst_block":12,"minecraft:dirt":18,"minecraft:lapis_lazuli":33,"minecraft:string":2,"minecraft:bone":3,"minecraft:wheat_seeds":1,"minecraft:cobbled_deepslate":27,"minecraft:raw_gold":15,"minecraft:calcite":76,"minecraft:iron_nugget":24,"dynamictrees:oak_seed":21,"minecraft:oak_planks":7,"minecraft:raw_iron":57,"minecraft:stick":76,"minecraft:smooth_basalt":22,"minecraft:torch":7,"minecraft:acacia_log":25,"minecraft:gravel":1,"minecraft:porkchop":13,"minecraft:sand":1,"dynamictrees:acacia_seed":14,"minecraft:rotten_flesh":5,"minecraft:diamond":5,"minecraft:granite":4,"supplementaries:ash":6,"minecraft:mutton":2,"minecraft:coal":59,"minecraft:white_wool":1,"minecraft:cobblestone":83}},"DataVersion":3465}